Issue Type,Issue key,Summary,Assignee,Reporter,Priority,Status,Epic Link,Story Points,Description,Acceptance Criteria
Story,SEC-01,Implement Argon2id user password hashing with salt,Rahul Kumar,Sushmitha Reddy,Highest,Done,Authentication,5,"As a security engineer, I need passwords stored using memory-hard Argon2id to resist GPU cracking.","Hash with m=64MB, t=3, p=4. Plaintext passwords never stored or logged."
Story,SEC-02,Build JWT authentication with sliding token refresh,Rahul Kumar,Sushmitha Reddy,Highest,Done,Authentication,5,"As a user, I need secure JWT session management with automatic refresh tokens.",Access tokens expire in 60m. Valid signature and claims verification on all protected routes.
Story,SEC-03,Implement TOTP Multi-Factor Authentication with QR codes,Rahul Kumar,Sushmitha Reddy,High,Done,Authentication,5,"As a user, I want two-factor authentication via Authenticator app to protect my files.","RFC 6238 TOTP compliance, 30s window, invalid codes rejected, single-use enforcement."
Story,SEC-04,Create multi-stage file upload with MIME magic detection,Priya Sharma,Sushmitha Reddy,Highest,Done,Threat Scanning,8,"As a security scanner, I must detect true file format regardless of malicious extensions.",libmagic inspection rejects executable binaries disguised as documents. 50MB ceiling enforced.
Story,SEC-05,Integrate ClamAV daemon malware detection scanner,Priya Sharma,Sushmitha Reddy,Highest,Done,Threat Scanning,8,"As a system, I must scan all uploaded streams against malware signature databases.",EICAR standard antivirus test string identified as malware with 100% precision.
Story,SEC-06,Build file quarantine isolation and admin purge API,Priya Sharma,Sushmitha Reddy,High,Done,Threat Scanning,5,"As an administrator, I need dangerous files isolated from the user filesystem.",Infected files moved to /quarantine; download returns 403 Forbidden. Admin purge works.
Story,SEC-07,Develop AES-256-GCM envelope encryption service,Rahul Kumar,Sushmitha Reddy,Highest,Done,Cryptography,8,"As a security architect, I need authenticated symmetric encryption for all files at rest.","Files encrypted with AES-256-GCM, unique 96-bit nonce, 128-bit authentication tag."
Story,SEC-08,Implement streaming decryption on authorized download,Rahul Kumar,Sushmitha Reddy,High,Done,Cryptography,5,"As an authorized user, I want files decrypted on the fly without intermediate temp files.",Streaming response verifies authentication tag; fails fast upon bit flip.
Story,SEC-09,Build folder hierarchy management with BOLA guard,Arjun Rao,Sushmitha Reddy,High,Done,Access Control,5,"As a user, I want nested folders while ensuring other users cannot see my tree.","User cannot traverse, view, or delete folders belonging to other tenants."
Story,SEC-10,Implement granular user-to-user permission sharing,Arjun Rao,Sushmitha Reddy,High,Done,Access Control,5,"As a file owner, I want to share files with VIEWER, DOWNLOADER, or EDITOR rights.","Strict enforcement on GET, DOWNLOAD, and DELETE based on user email grants."
Story,SEC-11,Build expiring public share links with password protection,Arjun Rao,Sushmitha Reddy,High,Done,Access Control,5,"As a user, I want to send temporary public links with password and download limits.","32-byte cryptographic token, expiry timestamp, download limit decrementing."
Story,SEC-12,Implement tamper-evident SHA-256 audit log blockchain,Sushmitha Reddy,Sushmitha Reddy,Highest,Done,Audit & SOC,8,"As an auditor, I need an immutable audit ledger that detects historical tampering.",Log entries chained via SHA-256. Continuous verifier API detects manual tampering.
Story,SEC-13,Build SOC Admin Dashboard with quarantine & audit view,Sushmitha Reddy,Sushmitha Reddy,High,Done,Audit & SOC,5,"As an admin, I want a single-pane SOC dashboard monitoring attacks and audit health.","Real-time metrics for total files, scans, quarantine, and audit chain verification status."
Story,SEC-14,Design modern React Tailwind frontend with glassmorphism,Arjun Rao,Sushmitha Reddy,High,Done,Frontend UI,8,"As a user, I want a clean, responsive, dark/light theme dashboard.","Clean UI with Lucide icons, responsive navigation, glassmorphic cards."
Story,SEC-15,Implement CI/CD GitHub Actions DevSecOps security gate,Priya Sharma,Sushmitha Reddy,Highest,Done,DevSecOps,8,"As a DevSecOps engineer, I want automated security scanning on every pull request.","Bandit, Safety, TruffleHog, and pytest executed in GitHub Actions with zero high alerts."
Task,SEC-16,Configure Kubernetes manifests with non-root securityContext,Priya Sharma,Sushmitha Reddy,Medium,Done,Deployment,5,"As a DevOps engineer, I want cloud-native K8s manifests enforcing sandboxed security.","Deployments for backend, frontend, postgres, clamav with runAsNonRoot=true."
Task,SEC-17,Conduct OWASP ZAP automated baseline security scan,Priya Sharma,Sushmitha Reddy,High,Done,Security Validation,5,"As a security engineer, I need automated DAST testing to find runtime misconfigurations.",Zero High/Medium vulnerabilities in authenticated baseline spider and scan.
Task,SEC-18,Develop comprehensive security fuzz testing suite,Priya Sharma,Sushmitha Reddy,High,Done,Security Validation,5,"As a QA engineer, I must verify that malicious fuzz payloads do not crash the backend.",500+ malformed payloads tested against auth and upload endpoints; zero unhandled crashes.
